ID,Name,Description,Contributor,Citation,Glottocode,Year,Source,Media_ID,Map_Name
1,Central Breton,,,,bret1244,1900,dedio2019britain,features,Fig. 1.
2,Danish,,,,dani1285,1900,dedio2019britain,features,Fig. 1.
3,Faroese,,,,faro1244,1900,dedio2019britain,features,Fig. 1.
4,Fering,,,,nort2626,1900,dedio2019britain,features,Fig. 1.
5,Irish English,,,,iris1255,1900,dedio2019britain,features,Fig. 1.
6,JÃ¨rriais,,,,jerr1238,1900,dedio2019britain,features,Fig. 1.
7,Late Cornish,,,,corn1251,1900,dedio2019britain,features,Fig. 1.
8,Manx,,,,manx1243,1900,dedio2019britain,features,Fig. 1.
9,Middle Breton,,,,midd1359,1200,dedio2019britain,features,Fig. 1.
10,Middle Cornish,,,,midd1380,1200,dedio2019britain,features,Fig. 1.
11,Middle Dutch,,,,midd1321,1200,dedio2019britain,features,Fig. 1.
12,Middle English,,,,midd1317,1200,dedio2019britain,features,Fig. 1.
13,Middle High German,,,,midd1343,1200,dedio2019britain,features,Fig. 1.
14,Middle Irish,,,,midd1360,1200,dedio2019britain,features,Fig. 1.
15,Middle Low German,,,,midd1318,1200,dedio2019britain,features,Fig. 1.
16,Middle Welsh,,,,midd1363,1200,dedio2019britain,features,Fig. 1.
17,Modern British English,,,,stan1293,1900,dedio2019britain,features,Fig. 1.
18,Modern Dutch,,,,dutc1256,1900,dedio2019britain,features,Fig. 1.
19,Modern High German,,,,stan1295,1900,dedio2019britain,features,Fig. 1.
20,Modern Icelandic,,,,icel1247,1900,dedio2019britain,features,Fig. 1.
21,Modern Irish,,,,iris1253,1900,dedio2019britain,features,Fig. 1.
22,Modern Low German Dithmarschen,,,,dith1234,1900,dedio2019britain,features,Fig. 1.
23,Modern Low German East Frisia,,,,east2288,1900,dedio2019britain,features,Fig. 1.
24,Modern Standard French,,,,stan1290,1900,dedio2019britain,features,Fig. 1.
25,Modern West Frisian,,,,mode1264,1900,dedio2019britain,features,Fig. 1.
26,Moyen Picard,,,,pica1241,1200,dedio2019britain,features,Fig. 1.
27,Normand,,,,norm1245,1900,dedio2019britain,features,Fig. 1.
28,Northern Welsh,,,,nort2668,1900,dedio2019britain,features,Fig. 1.
29,Norwegian,,,,norw1258,1900,dedio2019britain,features,Fig. 1.
30,Old Dutch,,,,oldd1238,800,dedio2019britain,features,Fig. 1.
31,Old English,,,,olde1238,800,dedio2019britain,features,Fig. 1.
32,Old French (Anglo-Norman),,,,angl1258,1200,dedio2019britain,features,Fig. 1.
33,Old French (Anglo-Norman),,,,angl1258,800,dedio2019britain,features,Fig. 1.
34,Old French (Francien),,,,oldf1239,1200,dedio2019britain,features,Fig. 1.
35,Old French (Francien),,,,oldf1239,800,dedio2019britain,features,Fig. 1.
36,Old Frisian,,,,oldf1241,1200,dedio2019britain,features,Fig. 1.
37,Old High German,,,,oldh1241,800,dedio2019britain,features,Fig. 1.
38,Old Irish,,,,oldi1246,800,dedio2019britain,features,Fig. 1.
39,Old Norse,,,,oldn1244,1200,dedio2019britain,features,Fig. 1.
40,Old Norse,,,,oldn1244,800,dedio2019britain,features,Fig. 1.
41,Old Saxon,,,,olds1250,800,dedio2019britain,features,Fig. 1.
42,Older Scots,,,,scot1243,1200,dedio2019britain,features,Fig. 1.
43,Picard,,,,pica1241,1900,dedio2019britain,features,Fig. 1.
44,Scots,,,,scot1243,1900,dedio2019britain,features,Fig. 1.
45,Scottish Gaelic,,,,scot1245,1900,dedio2019britain,features,Fig. 1.
46,Southern Welsh,,,,sout2673,1900,dedio2019britain,features,Fig. 1.
